Rk,G,Date,Age,Tm,,Opp,,GS,MP,FG,FGA,FG%,3P,3PA,3P%,FT,FTA,FT%,ORB,DRB,TRB,AST,STL,BLK,TOV,PF,PTS,GmSc,+/-
1,,2018-10-17,24-178,MIA,@,ORL,L (-3),Did Not Play,Did Not Play,Did Not Play,Did Not Play,Did Not Play,Did Not Play,Did Not Play,Did Not Play,Did Not Play,Did Not Play,Did Not Play,Did Not Play,Did Not Play,Did Not Play,Did Not Play,Did Not Play,Did Not Play,Did Not Play,Did Not Play,Did Not Play,Did Not Play,Did Not Play
2,,2018-10-18,24-179,MIA,@,WAS,W (+1),Did Not Play,Did Not Play,Did Not Play,Did Not Play,Did Not Play,Did Not Play,Did Not Play,Did Not Play,Did Not Play,Did Not Play,Did Not Play,Did Not Play,Did Not Play,Did Not Play,Did Not Play,Did Not Play,Did Not Play,Did Not Play,Did Not Play,Did Not Play,Did Not Play,Did Not Play
3,,2018-10-20,24-181,MIA,,CHO,L (-1),Did Not Play,Did Not Play,Did Not Play,Did Not Play,Did Not Play,Did Not Play,Did Not Play,Did Not Play,Did Not Play,Did Not Play,Did Not Play,Did Not Play,Did Not Play,Did Not Play,Did Not Play,Did Not Play,Did Not Play,Did Not Play,Did Not Play,Did Not Play,Did Not Play,Did Not Play
4,1,2018-10-24,24-185,MIA,,NYK,W (+23),0,9:51,1,3,0.333,1,3,0.333,0,0,,0,4,4,0,1,0,0,0,3,3.5,-2
5,,2018-10-27,24-188,MIA,,POR,W (+9),Inactive,Inactive,Inactive,Inactive,Inactive,Inactive,Inactive,Inactive,Inactive,Inactive,Inactive,Inactive,Inactive,Inactive,Inactive,Inactive,Inactive,Inactive,Inactive,Inactive,Inactive,Inactive
6,,2018-10-29,24-190,MIA,,SAC,L (-10),Inactive,Inactive,Inactive,Inactive,Inactive,Inactive,Inactive,Inactive,Inactive,Inactive,Inactive,Inactive,Inactive,Inactive,Inactive,Inactive,Inactive,Inactive,Inactive,Inactive,Inactive,Inactive
7,,2018-10-30,24-191,MIA,@,CHO,L (-12),Inactive,Inactive,Inactive,Inactive,Inactive,Inactive,Inactive,Inactive,Inactive,Inactive,Inactive,Inactive,Inactive,Inactive,Inactive,Inactive,Inactive,Inactive,Inactive,Inactive,Inactive,Inactive
8,,2018-11-03,24-195,MIA,@,ATL,L (-5),Inactive,Inactive,Inactive,Inactive,Inactive,Inactive,Inactive,Inactive,Inactive,Inactive,Inactive,Inactive,Inactive,Inactive,Inactive,Inactive,Inactive,Inactive,Inactive,Inactive,Inactive,Inactive
9,,2018-11-05,24-197,MIA,@,DET,W (+5),Inactive,Inactive,Inactive,Inactive,Inactive,Inactive,Inactive,Inactive,Inactive,Inactive,Inactive,Inactive,Inactive,Inactive,Inactive,Inactive,Inactive,Inactive,Inactive,Inactive,Inactive,Inactive
10,,2018-11-07,24-199,MIA,,SAS,W (+7),Did Not Play,Did Not Play,Did Not Play,Did Not Play,Did Not Play,Did Not Play,Did Not Play,Did Not Play,Did Not Play,Did Not Play,Did Not Play,Did Not Play,Did Not Play,Did Not Play,Did Not Play,Did Not Play,Did Not Play,Did Not Play,Did Not Play,Did Not Play,Did Not Play,Did Not Play
11,2,2018-11-09,24-201,MIA,,IND,L (-8),0,5:33,0,0,,0,0,,0,0,,0,1,1,0,0,0,0,0,0,0.3,+4
12,,2018-11-10,24-202,MIA,,WAS,L (-6),Did Not Play,Did Not Play,Did Not Play,Did Not Play,Did Not Play,Did Not Play,Did Not Play,Did Not Play,Did Not Play,Did Not Play,Did Not Play,Did Not Play,Did Not Play,Did Not Play,Did Not Play,Did Not Play,Did Not Play,Did Not Play,Did Not Play,Did Not Play,Did Not Play,Did Not Play
13,,2018-11-12,24-204,MIA,,PHI,L (-10),Did Not Play,Did Not Play,Did Not Play,Did Not Play,Did Not Play,Did Not Play,Did Not Play,Did Not Play,Did Not Play,Did Not Play,Did Not Play,Did Not Play,Did Not Play,Did Not Play,Did Not Play,Did Not Play,Did Not Play,Did Not Play,Did Not Play,Did Not Play,Did Not Play,Did Not Play
14,3,2018-11-14,24-206,MIA,@,BRK,W (+13),0,1:13,0,0,,0,0,,0,0,,0,0,0,0,0,0,0,0,0,0,-2
15,,2018-11-16,24-208,MIA,@,IND,L (-8),Did Not Play,Did Not Play,Did Not Play,Did Not Play,Did Not Play,Did Not Play,Did Not Play,Did Not Play,Did Not Play,Did Not Play,Did Not Play,Did Not Play,Did Not Play,Did Not Play,Did Not Play,Did Not Play,Did Not Play,Did Not Play,Did Not Play,Did Not Play,Did Not Play,Did Not Play
16,,2018-11-18,24-210,MIA,,LAL,L (-16),Did Not Play,Did Not Play,Did Not Play,Did Not Play,Did Not Play,Did Not Play,Did Not Play,Did Not Play,Did Not Play,Did Not Play,Did Not Play,Did Not Play,Did Not Play,Did Not Play,Did Not Play,Did Not Play,Did Not Play,Did Not Play,Did Not Play,Did Not Play,Did Not Play,Did Not Play
17,4,2018-11-20,24-212,MIA,,BRK,L (-12),0,12:25,1,3,0.333,1,3,0.333,0,0,,0,0,0,0,0,0,0,1,3,0.9,-1
18,,2018-11-23,24-215,MIA,@,CHI,W (+7),Did Not Play,Did Not Play,Did Not Play,Did Not Play,Did Not Play,Did Not Play,Did Not Play,Did Not Play,Did Not Play,Did Not Play,Did Not Play,Did Not Play,Did Not Play,Did Not Play,Did Not Play,Did Not Play,Did Not Play,Did Not Play,Did Not Play,Did Not Play,Did Not Play,Did Not Play
19,,2018-11-25,24-217,MIA,@,TOR,L (-10),Did Not Play,Did Not Play,Did Not Play,Did Not Play,Did Not Play,Did Not Play,Did Not Play,Did Not Play,Did Not Play,Did Not Play,Did Not Play,Did Not Play,Did Not Play,Did Not Play,Did Not Play,Did Not Play,Did Not Play,Did Not Play,Did Not Play,Did Not Play,Did Not Play,Did Not Play
20,,2018-11-27,24-219,MIA,,ATL,L (-2),Did Not Play,Did Not Play,Did Not Play,Did Not Play,Did Not Play,Did Not Play,Did Not Play,Did Not Play,Did Not Play,Did Not Play,Did Not Play,Did Not Play,Did Not Play,Did Not Play,Did Not Play,Did Not Play,Did Not Play,Did Not Play,Did Not Play,Did Not Play,Did Not Play,Did Not Play
21,,2018-11-30,24-222,MIA,,NOP,W (+5),Inactive,Inactive,Inactive,Inactive,Inactive,Inactive,Inactive,Inactive,Inactive,Inactive,Inactive,Inactive,Inactive,Inactive,Inactive,Inactive,Inactive,Inactive,Inactive,Inactive,Inactive,Inactive
22,,2018-12-02,24-224,MIA,,UTA,W (+2),Inactive,Inactive,Inactive,Inactive,Inactive,Inactive,Inactive,Inactive,Inactive,Inactive,Inactive,Inactive,Inactive,Inactive,Inactive,Inactive,Inactive,Inactive,Inactive,Inactive,Inactive,Inactive
23,,2018-12-04,24-226,MIA,,ORL,L (-15),Inactive,Inactive,Inactive,Inactive,Inactive,Inactive,Inactive,Inactive,Inactive,Inactive,Inactive,Inactive,Inactive,Inactive,Inactive,Inactive,Inactive,Inactive,Inactive,Inactive,Inactive,Inactive
24,,2018-12-07,24-229,MIA,@,PHO,W (+17),Inactive,Inactive,Inactive,Inactive,Inactive,Inactive,Inactive,Inactive,Inactive,Inactive,Inactive,Inactive,Inactive,Inactive,Inactive,Inactive,Inactive,Inactive,Inactive,Inactive,Inactive,Inactive
25,,2018-12-08,24-230,MIA,@,LAC,W (+23),Inactive,Inactive,Inactive,Inactive,Inactive,Inactive,Inactive,Inactive,Inactive,Inactive,Inactive,Inactive,Inactive,Inactive,Inactive,Inactive,Inactive,Inactive,Inactive,Inactive,Inactive,Inactive
26,,2018-12-10,24-232,MIA,@,LAL,L (-3),Inactive,Inactive,Inactive,Inactive,Inactive,Inactive,Inactive,Inactive,Inactive,Inactive,Inactive,Inactive,Inactive,Inactive,Inactive,Inactive,Inactive,Inactive,Inactive,Inactive,Inactive,Inactive
27,,2018-12-12,24-234,MIA,@,UTA,L (-27),Inactive,Inactive,Inactive,Inactive,Inactive,Inactive,Inactive,Inactive,Inactive,Inactive,Inactive,Inactive,Inactive,Inactive,Inactive,Inactive,Inactive,Inactive,Inactive,Inactive,Inactive,Inactive
28,,2018-12-14,24-236,MIA,@,MEM,W (+3),Inactive,Inactive,Inactive,Inactive,Inactive,Inactive,Inactive,Inactive,Inactive,Inactive,Inactive,Inactive,Inactive,Inactive,Inactive,Inactive,Inactive,Inactive,Inactive,Inactive,Inactive,Inactive
29,,2018-12-16,24-238,MIA,@,NOP,W (+6),Inactive,Inactive,Inactive,Inactive,Inactive,Inactive,Inactive,Inactive,Inactive,Inactive,Inactive,Inactive,Inactive,Inactive,Inactive,Inactive,Inactive,Inactive,Inactive,Inactive,Inactive,Inactive
30,,2018-12-20,24-242,MIA,,HOU,W (+2),Inactive,Inactive,Inactive,Inactive,Inactive,Inactive,Inactive,Inactive,Inactive,Inactive,Inactive,Inactive,Inactive,Inactive,Inactive,Inactive,Inactive,Inactive,Inactive,Inactive,Inactive,Inactive
31,,2018-12-22,24-244,MIA,,MIL,W (+7),Inactive,Inactive,Inactive,Inactive,Inactive,Inactive,Inactive,Inactive,Inactive,Inactive,Inactive,Inactive,Inactive,Inactive,Inactive,Inactive,Inactive,Inactive,Inactive,Inactive,Inactive,Inactive
32,,2018-12-23,24-245,MIA,@,ORL,W (+24),Inactive,Inactive,Inactive,Inactive,Inactive,Inactive,Inactive,Inactive,Inactive,Inactive,Inactive,Inactive,Inactive,Inactive,Inactive,Inactive,Inactive,Inactive,Inactive,Inactive,Inactive,Inactive
33,,2018-12-26,24-248,MIA,,TOR,L (-2),Inactive,Inactive,Inactive,Inactive,Inactive,Inactive,Inactive,Inactive,Inactive,Inactive,Inactive,Inactive,Inactive,Inactive,Inactive,Inactive,Inactive,Inactive,Inactive,Inactive,Inactive,Inactive
34,,2018-12-28,24-250,MIA,,CLE,W (+24),Inactive,Inactive,Inactive,Inactive,Inactive,Inactive,Inactive,Inactive,Inactive,Inactive,Inactive,Inactive,Inactive,Inactive,Inactive,Inactive,Inactive,Inactive,Inactive,Inactive,Inactive,Inactive
35,,2018-12-30,24-252,MIA,,MIN,L (-9),Inactive,Inactive,Inactive,Inactive,Inactive,Inactive,Inactive,Inactive,Inactive,Inactive,Inactive,Inactive,Inactive,Inactive,Inactive,Inactive,Inactive,Inactive,Inactive,Inactive,Inactive,Inactive
36,,2019-01-02,24-255,MIA,@,CLE,W (+25),Inactive,Inactive,Inactive,Inactive,Inactive,Inactive,Inactive,Inactive,Inactive,Inactive,Inactive,Inactive,Inactive,Inactive,Inactive,Inactive,Inactive,Inactive,Inactive,Inactive,Inactive,Inactive
37,,2019-01-04,24-257,MIA,,WAS,W (+6),Inactive,Inactive,Inactive,Inactive,Inactive,Inactive,Inactive,Inactive,Inactive,Inactive,Inactive,Inactive,Inactive,Inactive,Inactive,Inactive,Inactive,Inactive,Inactive,Inactive,Inactive,Inactive
38,,2019-01-06,24-259,MIA,@,ATL,L (-24),Inactive,Inactive,Inactive,Inactive,Inactive,Inactive,Inactive,Inactive,Inactive,Inactive,Inactive,Inactive,Inactive,Inactive,Inactive,Inactive,Inactive,Inactive,Inactive,Inactive,Inactive,Inactive
39,,2019-01-08,24-261,MIA,,DEN,L (-4),Inactive,Inactive,Inactive,Inactive,Inactive,Inactive,Inactive,Inactive,Inactive,Inactive,Inactive,Inactive,Inactive,Inactive,Inactive,Inactive,Inactive,Inactive,Inactive,Inactive,Inactive,Inactive
40,,2019-01-10,24-263,MIA,,BOS,W (+16),Inactive,Inactive,Inactive,Inactive,Inactive,Inactive,Inactive,Inactive,Inactive,Inactive,Inactive,Inactive,Inactive,Inactive,Inactive,Inactive,Inactive,Inactive,Inactive,Inactive,Inactive,Inactive
41,,2019-01-12,24-265,MIA,,MEM,W (+4),Inactive,Inactive,Inactive,Inactive,Inactive,Inactive,Inactive,Inactive,Inactive,Inactive,Inactive,Inactive,Inactive,Inactive,Inactive,Inactive,Inactive,Inactive,Inactive,Inactive,Inactive,Inactive
42,,2019-01-15,24-268,MIA,@,MIL,L (-38),Inactive,Inactive,Inactive,Inactive,Inactive,Inactive,Inactive,Inactive,Inactive,Inactive,Inactive,Inactive,Inactive,Inactive,Inactive,Inactive,Inactive,Inactive,Inactive,Inactive,Inactive,Inactive
43,,2019-01-18,24-271,MIA,@,DET,L (-5),Inactive,Inactive,Inactive,Inactive,Inactive,Inactive,Inactive,Inactive,Inactive,Inactive,Inactive,Inactive,Inactive,Inactive,Inactive,Inactive,Inactive,Inactive,Inactive,Inactive,Inactive,Inactive
44,,2019-01-19,24-272,MIA,@,CHI,W (+14),Inactive,Inactive,Inactive,Inactive,Inactive,Inactive,Inactive,Inactive,Inactive,Inactive,Inactive,Inactive,Inactive,Inactive,Inactive,Inactive,Inactive,Inactive,Inactive,Inactive,Inactive,Inactive
45,,2019-01-21,24-274,MIA,@,BOS,L (-8),Inactive,Inactive,Inactive,Inactive,Inactive,Inactive,Inactive,Inactive,Inactive,Inactive,Inactive,Inactive,Inactive,Inactive,Inactive,Inactive,Inactive,Inactive,Inactive,Inactive,Inactive,Inactive
46,,2019-01-23,24-276,MIA,,LAC,L (-12),Inactive,Inactive,Inactive,Inactive,Inactive,Inactive,Inactive,Inactive,Inactive,Inactive,Inactive,Inactive,Inactive,Inactive,Inactive,Inactive,Inactive,Inactive,Inactive,Inactive,Inactive,Inactive
47,,2019-01-25,24-278,MIA,@,CLE,W (+6),Inactive,Inactive,Inactive,Inactive,Inactive,Inactive,Inactive,Inactive,Inactive,Inactive,Inactive,Inactive,Inactive,Inactive,Inactive,Inactive,Inactive,Inactive,Inactive,Inactive,Inactive,Inactive
48,,2019-01-27,24-280,MIA,@,NYK,W (+9),Inactive,Inactive,Inactive,Inactive,Inactive,Inactive,Inactive,Inactive,Inactive,Inactive,Inactive,Inactive,Inactive,Inactive,Inactive,Inactive,Inactive,Inactive,Inactive,Inactive,Inactive,Inactive
49,,2019-01-30,24-283,MIA,,CHI,L (-16),Inactive,Inactive,Inactive,Inactive,Inactive,Inactive,Inactive,Inactive,Inactive,Inactive,Inactive,Inactive,Inactive,Inactive,Inactive,Inactive,Inactive,Inactive,Inactive,Inactive,Inactive,Inactive
50,,2019-02-01,24-285,MIA,,OKC,L (-16),Inactive,Inactive,Inactive,Inactive,Inactive,Inactive,Inactive,Inactive,Inactive,Inactive,Inactive,Inactive,Inactive,Inactive,Inactive,Inactive,Inactive,Inactive,Inactive,Inactive,Inactive,Inactive
51,,2019-02-02,24-286,MIA,,IND,L (-7),Inactive,Inactive,Inactive,Inactive,Inactive,Inactive,Inactive,Inactive,Inactive,Inactive,Inactive,Inactive,Inactive,Inactive,Inactive,Inactive,Inactive,Inactive,Inactive,Inactive,Inactive,Inactive
52,,2019-02-05,24-289,MIA,@,POR,W (+10),Inactive,Inactive,Inactive,Inactive,Inactive,Inactive,Inactive,Inactive,Inactive,Inactive,Inactive,Inactive,Inactive,Inactive,Inactive,Inactive,Inactive,Inactive,Inactive,Inactive,Inactive,Inactive
53,5,2019-02-08,24-292,MIA,@,SAC,L (-6),0,5:16,1,1,1,0,0,,0,0,,0,0,0,0,0,0,0,0,2,1.7,-5
54,,2019-02-10,24-294,MIA,@,GSW,L (-2),Did Not Play,Did Not Play,Did Not Play,Did Not Play,Did Not Play,Did Not Play,Did Not Play,Did Not Play,Did Not Play,Did Not Play,Did Not Play,Did Not Play,Did Not Play,Did Not Play,Did Not Play,Did Not Play,Did Not Play,Did Not Play,Did Not Play,Did Not Play,Did Not Play,Did Not Play
55,6,2019-02-11,24-295,MIA,@,DEN,L (-16),0,1:53,0,1,0,0,1,0,0,0,,0,2,2,0,0,0,0,0,0,-0.1,+2
56,,2019-02-13,24-297,MIA,@,DAL,W (+11),Did Not Play,Did Not Play,Did Not Play,Did Not Play,Did Not Play,Did Not Play,Did Not Play,Did Not Play,Did Not Play,Did Not Play,Did Not Play,Did Not Play,Did Not Play,Did Not Play,Did Not Play,Did Not Play,Did Not Play,Did Not Play,Did Not Play,Did Not Play,Did Not Play,Did Not Play
57,,2019-02-21,24-305,MIA,@,PHI,L (-4),Did Not Play,Did Not Play,Did Not Play,Did Not Play,Did Not Play,Did Not Play,Did Not Play,Did Not Play,Did Not Play,Did Not Play,Did Not Play,Did Not Play,Did Not Play,Did Not Play,Did Not Play,Did Not Play,Did Not Play,Did Not Play,Did Not Play,Did Not Play,Did Not Play,Did Not Play
58,7,2019-02-23,24-307,MIA,,DET,L (-23),0,12:49,1,2,0.5,1,2,0.5,1,2,0.5,0,1,1,0,0,0,0,0,4,2.9,+1
59,8,2019-02-25,24-309,MIA,,PHO,L (-3),1,22:17,2,6,0.333,1,5,0.2,0,0,,0,1,1,1,1,0,1,3,5,1.4,-3
60,,2019-02-27,24-311,MIA,,GSW,W (+1),Did Not Play,Did Not Play,Did Not Play,Did Not Play,Did Not Play,Did Not Play,Did Not Play,Did Not Play,Did Not Play,Did Not Play,Did Not Play,Did Not Play,Did Not Play,Did Not Play,Did Not Play,Did Not Play,Did Not Play,Did Not Play,Did Not Play,Did Not Play,Did Not Play,Did Not Play
61,,2019-02-28,24-312,MIA,@,HOU,L (-3),Did Not Play,Did Not Play,Did Not Play,Did Not Play,Did Not Play,Did Not Play,Did Not Play,Did Not Play,Did Not Play,Did Not Play,Did Not Play,Did Not Play,Did Not Play,Did Not Play,Did Not Play,Did Not Play,Did Not Play,Did Not Play,Did Not Play,Did Not Play,Did Not Play,Did Not Play
62,9,2019-03-02,24-314,MIA,,BRK,W (+29),0,5:46,2,4,0.5,2,3,0.667,0,0,,0,1,1,0,0,0,0,0,6,4.3,+2
63,,2019-03-04,24-316,MIA,,ATL,W (+1),Did Not Play,Did Not Play,Did Not Play,Did Not Play,Did Not Play,Did Not Play,Did Not Play,Did Not Play,Did Not Play,Did Not Play,Did Not Play,Did Not Play,Did Not Play,Did Not Play,Did Not Play,Did Not Play,Did Not Play,Did Not Play,Did Not Play,Did Not Play,Did Not Play,Did Not Play
64,,2019-03-06,24-318,MIA,@,CHO,W (+7),Did Not Play,Did Not Play,Did Not Play,Did Not Play,Did Not Play,Did Not Play,Did Not Play,Did Not Play,Did Not Play,Did Not Play,Did Not Play,Did Not Play,Did Not Play,Did Not Play,Did Not Play,Did Not Play,Did Not Play,Did Not Play,Did Not Play,Did Not Play,Did Not Play,Did Not Play
65,,2019-03-08,24-320,MIA,,CLE,W (+16),Inactive,Inactive,Inactive,Inactive,Inactive,Inactive,Inactive,Inactive,Inactive,Inactive,Inactive,Inactive,Inactive,Inactive,Inactive,Inactive,Inactive,Inactive,Inactive,Inactive,Inactive,Inactive
66,,2019-03-10,24-322,MIA,,TOR,L (-21),Inactive,Inactive,Inactive,Inactive,Inactive,Inactive,Inactive,Inactive,Inactive,Inactive,Inactive,Inactive,Inactive,Inactive,Inactive,Inactive,Inactive,Inactive,Inactive,Inactive,Inactive,Inactive
67,,2019-03-13,24-325,MIA,,DET,W (+34),Inactive,Inactive,Inactive,Inactive,Inactive,Inactive,Inactive,Inactive,Inactive,Inactive,Inactive,Inactive,Inactive,Inactive,Inactive,Inactive,Inactive,Inactive,Inactive,Inactive,Inactive,Inactive
68,,2019-03-15,24-327,MIA,,MIL,L (-15),Inactive,Inactive,Inactive,Inactive,Inactive,Inactive,Inactive,Inactive,Inactive,Inactive,Inactive,Inactive,Inactive,Inactive,Inactive,Inactive,Inactive,Inactive,Inactive,Inactive,Inactive,Inactive
69,10,2019-03-17,24-329,MIA,,CHO,W (+18),0,0:11,0,0,,0,0,,0,0,,0,0,0,0,0,0,0,0,0,0,
70,,2019-03-18,24-330,MIA,@,OKC,W (+9),Did Not Play,Did Not Play,Did Not Play,Did Not Play,Did Not Play,Did Not Play,Did Not Play,Did Not Play,Did Not Play,Did Not Play,Did Not Play,Did Not Play,Did Not Play,Did Not Play,Did Not Play,Did Not Play,Did Not Play,Did Not Play,Did Not Play,Did Not Play,Did Not Play,Did Not Play
71,,2019-03-20,24-332,MIA,@,SAS,W (+5),Did Not Play,Did Not Play,Did Not Play,Did Not Play,Did Not Play,Did Not Play,Did Not Play,Did Not Play,Did Not Play,Did Not Play,Did Not Play,Did Not Play,Did Not Play,Did Not Play,Did Not Play,Did Not Play,Did Not Play,Did Not Play,Did Not Play,Did Not Play,Did Not Play,Did Not Play
72,11,2019-03-22,24-334,MIA,@,MIL,L (-29),0,6:23,1,2,0.5,0,1,0,0,0,,0,1,1,0,0,0,0,0,2,1.3,-6
73,,2019-03-23,24-335,MIA,@,WAS,W (+5),Did Not Play,Did Not Play,Did Not Play,Did Not Play,Did Not Play,Did Not Play,Did Not Play,Did Not Play,Did Not Play,Did Not Play,Did Not Play,Did Not Play,Did Not Play,Did Not Play,Did Not Play,Did Not Play,Did Not Play,Did Not Play,Did Not Play,Did Not Play,Did Not Play,Did Not Play
74,,2019-03-26,24-338,MIA,,ORL,L (-5),Did Not Play,Did Not Play,Did Not Play,Did Not Play,Did Not Play,Did Not Play,Did Not Play,Did Not Play,Did Not Play,Did Not Play,Did Not Play,Did Not Play,Did Not Play,Did Not Play,Did Not Play,Did Not Play,Did Not Play,Did Not Play,Did Not Play,Did Not Play,Did Not Play,Did Not Play
75,12,2019-03-28,24-340,MIA,,DAL,W (+6),0,21:31,2,9,0.222,1,7,0.143,1,1,1,0,2,2,1,1,0,0,1,6,2.4,+1
76,13,2019-03-30,24-342,MIA,@,NYK,W (+8),0,8:51,0,1,0,0,1,0,0,0,,0,0,0,0,0,0,1,3,0,-2.9,-11
77,,2019-04-01,24-344,MIA,@,BOS,L (-5),Did Not Play,Did Not Play,Did Not Play,Did Not Play,Did Not Play,Did Not Play,Did Not Play,Did Not Play,Did Not Play,Did Not Play,Did Not Play,Did Not Play,Did Not Play,Did Not Play,Did Not Play,Did Not Play,Did Not Play,Did Not Play,Did Not Play,Did Not Play,Did Not Play,Did Not Play
78,,2019-04-03,24-346,MIA,,BOS,L (-10),Did Not Play,Did Not Play,Did Not Play,Did Not Play,Did Not Play,Did Not Play,Did Not Play,Did Not Play,Did Not Play,Did Not Play,Did Not Play,Did Not Play,Did Not Play,Did Not Play,Did Not Play,Did Not Play,Did Not Play,Did Not Play,Did Not Play,Did Not Play,Did Not Play,Did Not Play
79,,2019-04-05,24-348,MIA,@,MIN,L (-2),Did Not Play,Did Not Play,Did Not Play,Did Not Play,Did Not Play,Did Not Play,Did Not Play,Did Not Play,Did Not Play,Did Not Play,Did Not Play,Did Not Play,Did Not Play,Did Not Play,Did Not Play,Did Not Play,Did Not Play,Did Not Play,Did Not Play,Did Not Play,Did Not Play,Did Not Play
80,,2019-04-07,24-350,MIA,@,TOR,L (-8),Did Not Play,Did Not Play,Did Not Play,Did Not Play,Did Not Play,Did Not Play,Did Not Play,Did Not Play,Did Not Play,Did Not Play,Did Not Play,Did Not Play,Did Not Play,Did Not Play,Did Not Play,Did Not Play,Did Not Play,Did Not Play,Did Not Play,Did Not Play,Did Not Play,Did Not Play
81,14,2019-04-09,24-352,MIA,,PHI,W (+23),0,10:57,2,2,1,0,0,,0,0,,1,0,1,0,0,0,0,1,4,3.7,-3
82,15,2019-04-10,24-353,MIA,@,BRK,L (-19),0,36:00:00,5,12,0.417,3,9,0.333,2,3,0.667,1,4,5,3,2,0,2,2,15,11.4,-10
1,1,2019-10-23,25-184,MIA,,MEM,W (+19),0,22:56,1,5,0.2,1,5,0.2,0,0,,0,1,1,1,0,0,1,2,3,-0.9,-3
2,2,2019-10-26,25-187,MIA,@,MIL,W (+5),0,23:18,3,6,0.5,3,5,0.6,0,0,,0,0,0,0,0,1,0,3,9,5.5,+11
3,3,2019-10-27,25-188,MIA,@,MIN,L (-7),0,23:14,8,12,0.667,4,7,0.571,1,1,1,0,2,2,1,1,2,1,3,21,17.3,-8
4,4,2019-10-29,25-190,MIA,,ATL,W (+15),0,1:27,0,0,,0,0,,0,0,,0,1,1,0,0,0,0,0,0,0.3,+1
5,5,2019-10-31,25-192,MIA,@,ATL,W (+9),1,26:53:00,5,10,0.5,2,6,0.333,0,0,,0,3,3,0,0,0,1,1,12,6.5,-3
6,6,2019-11-03,25-195,MIA,,HOU,W (+29),1,35:57:00,8,12,0.667,7,11,0.636,0,0,,0,6,6,1,0,2,1,0,23,20.7,+20
7,7,2019-11-05,25-197,MIA,@,DEN,L (-20),0,11:17,1,6,0.167,0,4,0,0,0,,1,1,2,0,0,0,0,1,2,-1.2,-3
8,8,2019-11-07,25-199,MIA,@,PHO,W (+16),1,27:37:00,1,5,0.2,1,4,0.25,3,3,1,0,6,6,1,1,1,0,4,6,5.5,+29
9,9,2019-11-08,25-200,MIA,@,LAL,L (-15),1,24:28:00,1,7,0.143,1,6,0.167,0,0,,0,3,3,2,1,0,0,3,3,0.6,-9
10,10,2019-11-12,25-204,MIA,,DET,W (+9),1,29:17:00,4,10,0.4,3,8,0.375,0,0,,0,2,2,0,0,0,4,5,11,0.2,0
11,11,2019-11-14,25-206,MIA,@,CLE,W (+11),1,26:27:00,4,8,0.5,3,7,0.429,0,0,,0,2,2,1,1,0,0,3,11,8.1,-12
12,12,2019-11-16,25-208,MIA,,NOP,W (+15),1,30:33:00,6,10,0.6,3,6,0.5,0,0,,0,1,1,1,3,0,1,1,15,13,+4
13,13,2019-11-20,25-212,MIA,,CLE,W (+24),1,34:07:00,9,15,0.6,9,15,0.6,2,2,1,0,2,2,0,0,0,0,2,29,21.9,+11
14,14,2019-11-22,25-214,MIA,@,CHI,W (+8),1,31:17:00,3,9,0.333,2,8,0.25,0,0,,1,2,3,2,1,0,0,1,8,6.2,-8
15,15,2019-11-23,25-215,MIA,@,PHI,L (-27),1,32:30:00,0,6,0,0,5,0,4,4,1,0,3,3,0,1,1,2,2,4,-0.4,-26
16,16,2019-11-25,25-217,MIA,,CHO,W (+17),1,22:23,2,6,0.333,2,6,0.333,0,0,,0,1,1,2,3,0,0,6,6,4.9,+9
17,17,2019-11-27,25-219,MIA,@,HOU,L (-9),1,21:24,4,8,0.5,3,7,0.429,2,2,1,0,3,3,1,1,0,1,5,13,8.6,-17
18,18,2019-11-29,25-221,MIA,,GSW,W (+17),1,20:37,5,7,0.714,5,7,0.714,2,3,0.667,0,2,2,1,0,0,2,2,17,12.2,+9
19,19,2019-12-01,25-223,MIA,@,BRK,W (+3),1,33:07:00,3,6,0.5,3,6,0.5,1,1,1,0,10,10,0,0,0,0,3,10,8.8,+14
20,20,2019-12-03,25-225,MIA,@,TOR,W (+11),1,27:00:00,8,11,0.727,6,9,0.667,0,0,,0,2,2,1,0,1,1,4,22,16.9,+11
21,21,2019-12-04,25-226,MIA,@,BOS,L (-19),1,28:45:00,4,8,0.5,2,6,0.333,0,0,,0,5,5,1,3,0,0,5,10,9.2,-4
22,22,2019-12-06,25-228,MIA,,WAS,W (+9),1,41:34:00,2,9,0.222,2,7,0.286,0,0,,0,4,4,1,0,0,1,1,6,1,+15
23,23,2019-12-08,25-230,MIA,,CHI,W (+5),1,21:39,3,9,0.333,3,8,0.375,0,0,,1,3,4,0,3,0,0,4,9,6.9,+2
24,24,2019-12-10,25-232,MIA,,ATL,W (+14),1,43:04:00,12,16,0.75,10,14,0.714,0,0,,0,3,3,4,0,1,0,3,34,30.8,+26
25,25,2019-12-13,25-235,MIA,,LAL,L (-3),1,36:28:00,3,8,0.375,3,7,0.429,0,0,,0,3,3,0,0,0,0,3,9,4.3,-1
26,26,2019-12-14,25-236,MIA,@,DAL,W (+4),1,36:22:00,3,10,0.3,3,10,0.3,0,0,,0,6,6,1,0,0,0,2,9,4.9,-6
27,27,2019-12-16,25-238,MIA,@,MEM,L (-7),1,23:16,4,6,0.667,4,6,0.667,0,0,,0,3,3,0,0,0,1,5,12,7.3,+8
28,28,2019-12-18,25-240,MIA,@,PHI,W (+4),1,38:14:00,5,11,0.455,3,9,0.333,2,2,1,2,3,5,1,0,1,0,2,15,12.2,-6
29,29,2019-12-20,25-242,MIA,,NYK,W (+15),1,22:36,6,10,0.6,6,10,0.6,0,0,,0,0,0,3,0,0,0,2,18,14.7,+24
30,30,2019-12-23,25-245,MIA,,UTA,W (+3),1,20:16,1,3,0.333,1,3,0.333,2,2,1,0,4,4,1,0,0,1,5,5,2.2,-3
31,31,2019-12-27,25-249,MIA,,IND,W (+1),1,28:07:00,6,11,0.545,6,10,0.6,0,0,,0,3,3,2,0,0,0,2,18,14.2,-6
32,32,2019-12-28,25-250,MIA,,PHI,W (+1),1,18:52,6,6,1,4,4,1,0,0,,0,4,4,0,0,0,1,5,16,12.4,+16
33,33,2019-12-30,25-252,MIA,@,WAS,L (-18),1,31:11:00,5,11,0.455,3,8,0.375,3,3,1,0,4,4,1,1,0,1,2,16,11.4,-13
34,34,2020-01-02,25-255,MIA,,TOR,W (+8),1,18:48,2,4,0.5,2,3,0.667,0,0,,0,4,4,1,0,0,1,1,6,4.5,+2
35,35,2020-01-03,25-256,MIA,@,ORL,L (-20),1,30:48:00,3,11,0.273,3,11,0.273,0,0,,0,3,3,1,0,0,2,1,9,1.7,-9
36,36,2020-01-05,25-258,MIA,,POR,W (+11),1,35:31:00,2,11,0.182,2,11,0.182,0,0,,1,6,7,0,1,0,1,4,6,0,0
37,37,2020-01-08,25-261,MIA,@,IND,W (+14),1,29:23:00,5,12,0.417,4,11,0.364,3,4,0.75,0,1,1,5,1,0,1,3,17,12.8,+14
38,38,2020-01-10,25-263,MIA,@,BRK,L (-4),1,27:03:00,3,7,0.429,2,6,0.333,0,0,,1,1,2,0,0,0,0,4,8,3.7,-10
39,39,2020-01-12,25-265,MIA,@,NYK,L (-3),1,27:41:00,3,10,0.3,3,10,0.3,2,2,1,0,4,4,4,0,0,1,3,11,7,+6
40,40,2020-01-15,25-268,MIA,,SAS,W (+6),1,39:01:00,4,10,0.4,3,9,0.333,0,0,,0,6,6,0,0,1,0,4,11,6.5,+5
41,41,2020-01-17,25-270,MIA,@,OKC,W (+7),1,35:47:00,5,12,0.417,4,11,0.364,0,0,,0,3,3,3,0,0,0,4,14,9,+10
42,42,2020-01-19,25-272,MIA,@,SAS,L (-5),1,34:57:00,4,11,0.364,4,10,0.4,0,0,,0,5,5,0,1,1,1,3,12,6.9,+16
43,43,2020-01-20,25-273,MIA,,SAC,W (+5),1,37:32:00,4,11,0.364,4,10,0.4,0,0,,0,1,1,2,0,0,2,3,12,4.4,+4
44,44,2020-01-22,25-275,MIA,,WAS,W (+5),1,15:59,4,7,0.571,4,7,0.571,1,2,0.5,0,2,2,0,0,0,1,2,13,8.1,-5
45,45,2020-01-24,25-277,MIA,,LAC,L (-5),1,34:14:00,5,8,0.625,5,8,0.625,1,1,1,0,3,3,5,2,0,1,3,16,16.6,+20
46,46,2020-01-27,25-280,MIA,,ORL,W (+21),1,33:25:00,7,11,0.636,6,9,0.667,1,1,1,0,5,5,1,0,0,3,4,21,13.7,+25
47,47,2020-01-28,25-281,MIA,,BOS,L (-8),1,38:45:00,4,12,0.333,4,11,0.364,0,0,,0,5,5,2,0,0,0,5,12,6.1,+4
48,48,2020-02-01,25-285,MIA,@,ORL,W (+13),1,22:00,3,7,0.429,3,7,0.429,0,0,,0,1,1,3,0,0,1,0,9,6.7,+6
49,49,2020-02-03,25-287,MIA,,PHI,W (+31),1,33:58:00,4,9,0.444,4,8,0.5,7,9,0.778,0,2,2,3,0,0,0,4,19,14.6,+24
50,50,2020-02-05,25-289,MIA,@,LAC,L (-17),1,34:54:00,3,11,0.273,3,10,0.3,2,2,1,1,4,5,0,1,0,0,3,11,6.2,-7
51,51,2020-02-07,25-291,MIA,@,SAC,L (-8),1,41:33:00,6,9,0.667,6,9,0.667,0,0,,0,5,5,6,0,1,5,3,18,14.3,-2
52,52,2020-02-09,25-293,MIA,@,POR,L (-6),1,38:02:00,6,15,0.4,6,15,0.4,1,1,1,0,6,6,3,1,0,1,4,19,13.2,-7
53,53,2020-02-10,25-294,MIA,@,GSW,W (+12),1,36:47:00,6,14,0.429,5,13,0.385,0,0,,0,1,1,3,0,0,0,3,17,10.8,+22
54,54,2020-02-12,25-296,MIA,@,UTA,L (-15),1,30:30:00,6,13,0.462,6,13,0.462,0,0,,0,1,1,3,1,0,1,4,18,12.1,+11
55,55,2020-02-20,25-304,MIA,@,ATL,L (-5),1,33:26:00,4,12,0.333,1,8,0.125,1,1,1,0,2,2,2,0,0,1,1,10,3.8,+9
56,56,2020-02-22,25-306,MIA,,CLE,W (+19),1,32:15:00,7,12,0.583,5,10,0.5,0,0,,0,1,1,3,0,0,2,2,19,13,+14
57,57,2020-02-24,25-308,MIA,@,CLE,L (-6),1,37:09:00,5,14,0.357,5,11,0.455,0,0,,0,1,1,1,0,0,1,1,15,6.8,+4
58,58,2020-02-26,25-310,MIA,,MIN,L (-3),1,26:29:00,3,6,0.5,3,6,0.5,0,0,,1,3,4,1,1,0,3,1,9,5.9,-9
59,59,2020-02-28,25-312,MIA,,DAL,W (+8),1,36:00:00,8,11,0.727,6,9,0.667,2,2,1,0,5,5,1,1,0,1,2,24,20.9,+26
60,60,2020-02-29,25-313,MIA,,BRK,W (+3),1,27:59:00,3,7,0.429,2,6,0.333,2,2,1,0,3,3,0,1,0,0,3,10,7,+4
61,61,2020-03-02,25-315,MIA,,MIL,W (+16),1,33:39:00,3,8,0.375,3,7,0.429,0,0,,0,3,3,0,0,0,0,3,9,4.3,+6
62,62,2020-03-04,25-317,MIA,,ORL,W (+3),1,36:19:00,9,12,0.75,9,12,0.75,0,0,,0,2,2,0,1,0,3,2,27,20,+7
63,63,2020-03-06,25-319,MIA,@,NOP,L (-6),1,39:09:00,8,14,0.571,8,14,0.571,0,0,,0,5,5,4,0,0,3,2,24,17.9,+15
64,64,2020-03-08,25-321,MIA,@,WAS,W (+11),1,38:49:00,8,12,0.667,7,11,0.636,0,0,,0,7,7,2,1,2,3,3,23,19.5,+26
65,65,2020-03-11,25-324,MIA,,CHO,L (-11),1,35:04:00,3,13,0.231,3,13,0.231,3,3,1,0,4,4,2,2,0,1,2,12,6.9,+2
66,66,2020-08-01,26-101,MIA,@,DEN,W (+20),1,33:31:00,5,9,0.556,3,7,0.429,4,4,1,0,2,2,1,0,0,0,1,17,13.6,+28
67,67,2020-08-03,26-103,MIA,,TOR,L (-4),1,22:15,1,5,0.2,1,4,0.25,0,0,,0,2,2,0,0,1,0,1,3,0.8,-1
68,68,2020-08-04,26-104,MIA,,BOS,W (+6),1,29:25:00,6,12,0.5,5,11,0.455,4,4,1,1,2,3,2,0,1,2,3,21,15.2,+13
69,69,2020-08-06,26-106,MIA,@,MIL,L (-14),1,33:33:00,7,11,0.636,5,9,0.556,2,2,1,0,1,1,1,0,0,3,3,21,12.9,-20
70,70,2020-08-08,26-108,MIA,,PHO,L (-7),1,37:03:00,7,15,0.467,4,12,0.333,7,7,1,0,3,3,3,0,2,1,0,25,20.7,-12
71,71,2020-08-10,26-110,MIA,,IND,W (+22),1,31:33:00,5,11,0.455,4,10,0.4,0,0,,0,5,5,0,0,0,1,3,14,7.6,+24
72,72,2020-08-12,26-112,MIA,@,OKC,L (-1),1,15:39,6,8,0.75,5,7,0.714,2,2,1,0,2,2,3,0,0,1,2,19,16.7,+9
73,73,2020-08-14,26-114,MIA,@,IND,L (-17),1,13:24,0,3,0,0,3,0,0,0,,0,2,2,1,0,0,2,1,0,-3.2,-5
1,1,2020-12-23,26-245,MIA,@,ORL,L (-6),1,30:20:00,4,8,0.5,3,6,0.5,3,3,1,0,5,5,1,0,0,1,2,14,10.4,-5
2,2,2020-12-25,26-247,MIA,,NOP,W (+13),1,32:02:00,8,14,0.571,7,13,0.538,0,0,,0,5,5,0,0,0,1,3,23,15.7,+5
3,3,2020-12-29,26-251,MIA,,MIL,L (-47),1,24:04:00,1,4,0.25,1,4,0.25,1,1,1,0,2,2,1,1,1,3,2,4,0.8,-30
4,4,2020-12-30,26-252,MIA,,MIL,W (+11),1,23:49,2,4,0.5,2,4,0.5,3,3,1,0,3,3,0,2,0,2,1,9,7.5,+4
5,5,2021-01-01,26-254,MIA,@,DAL,L (-10),1,33:27:00,1,8,0.125,1,8,0.125,2,4,0.5,0,6,6,3,1,0,2,1,5,1.5,+4
6,6,2021-01-04,26-257,MIA,,OKC,W (+28),1,33:08:00,4,11,0.364,4,10,0.4,0,0,,0,4,4,3,1,0,2,2,12,7.4,+21
7,7,2021-01-06,26-259,MIA,,BOS,L (-2),1,31:09:00,5,11,0.455,5,11,0.455,1,1,1,0,6,6,2,1,0,0,2,16,13.7,+12
8,8,2021-01-09,26-262,MIA,@,WAS,W (+4),1,34:34:00,2,8,0.25,2,8,0.25,1,2,0.5,0,5,5,2,0,1,0,1,7,5,+10
9,9,2021-01-12,26-265,MIA,@,PHI,L (-3),1,45:44:00,8,18,0.444,6,14,0.429,4,5,0.8,0,2,2,1,1,1,2,2,26,16.4,+14
10,10,2021-01-14,26-267,MIA,@,PHI,L (-17),1,33:57:00,9,14,0.643,4,8,0.5,0,0,,0,2,2,1,0,0,3,3,22,12.9,-19
11,11,2021-01-16,26-269,MIA,,DET,L (-20),1,35:27:00,6,10,0.6,5,8,0.625,5,5,1,0,4,4,3,0,1,0,1,22,21,-9
12,12,2021-01-18,26-271,MIA,,DET,W (+6),1,36:18:00,6,9,0.667,6,9,0.667,0,0,,0,3,3,3,0,0,3,2,18,13.3,+8
13,13,2021-01-20,26-273,MIA,@,TOR,W (+9),1,37:25:00,4,7,0.571,4,6,0.667,2,2,1,0,3,3,1,0,1,1,1,14,11.6,+4
14,14,2021-01-22,26-275,MIA,@,TOR,L (-20),1,34:18:00,4,8,0.5,3,6,0.5,0,0,,0,3,3,1,0,0,2,2,11,5.8,-18
15,15,2021-01-23,26-276,MIA,@,BRK,L (-4),1,41:45:00,6,15,0.4,3,11,0.273,3,3,1,0,5,5,1,0,0,2,2,18,9.3,-5
16,16,2021-01-25,26-278,MIA,@,BRK,L (-13),1,38:19:00,1,10,0.1,1,10,0.1,4,4,1,0,5,5,2,0,1,1,2,7,2.2,-12
17,17,2021-01-27,26-280,MIA,,DEN,L (-27),1,36:28:00,3,11,0.273,2,10,0.2,0,0,,0,5,5,3,0,0,3,3,8,0.9,-17
18,18,2021-01-28,26-281,MIA,,LAC,L (-4),1,32:47:00,2,8,0.25,2,5,0.4,0,0,,1,4,5,3,1,0,0,2,6,5.4,-8
19,19,2021-01-30,26-283,MIA,,SAC,W (+1),1,34:56:00,5,9,0.556,4,8,0.5,0,0,,0,3,3,1,0,1,2,2,14,9.2,+6
20,20,2021-02-01,26-285,MIA,,CHO,L (-8),1,27:41:00,5,8,0.625,4,7,0.571,2,3,0.667,0,2,2,0,0,0,2,4,16,9,+2
21,21,2021-02-03,26-287,MIA,,WAS,L (-3),1,27:53:00,3,9,0.333,3,8,0.375,0,0,,0,2,2,3,1,0,1,2,9,5.8,+3
22,22,2021-02-05,26-289,MIA,,WAS,W (+27),1,26:22:00,2,9,0.222,2,9,0.222,0,0,,0,1,1,2,0,0,2,3,6,-1,+22
23,23,2021-02-07,26-291,MIA,@,NYK,W (+6),1,36:26:00,4,10,0.4,4,10,0.4,0,1,0,0,6,6,2,0,0,1,1,12,8,+5
24,24,2021-02-09,26-293,MIA,,NYK,W (+2),1,32:50:00,0,7,0,0,5,0,4,4,1,0,5,5,1,0,0,1,3,4,-0.9,-12
25,25,2021-02-11,26-295,MIA,@,HOU,W (+7),1,26:53:00,5,11,0.455,5,11,0.455,0,0,,0,1,1,2,0,0,2,5,15,7,+14
26,26,2021-02-13,26-297,MIA,@,UTA,L (-18),1,27:59:00,3,6,0.5,2,4,0.5,0,0,,0,5,5,0,1,0,0,2,8,6.7,-20
27,27,2021-02-15,26-299,MIA,@,LAC,L (-7),1,34:45:00,5,13,0.385,3,11,0.273,0,0,,0,4,4,1,0,0,0,4,13,6.2,+5
28,28,2021-02-17,26-301,MIA,@,GSW,L (-8),1,39:50:00,5,12,0.417,3,10,0.3,0,0,,0,4,4,0,2,0,2,3,13,6.6,-13
29,29,2021-02-18,26-302,MIA,@,SAC,W (+8),1,33:39:00,7,13,0.538,5,11,0.455,1,1,1,0,2,2,3,1,0,1,3,20,15.2,+11
30,30,2021-02-20,26-304,MIA,@,LAL,W (+2),1,32:55:00,3,8,0.375,1,5,0.2,4,6,0.667,1,9,10,1,0,0,1,6,11,6.5,0
31,31,2021-02-22,26-306,MIA,@,OKC,W (+14),1,36:54:00,8,15,0.533,6,13,0.462,0,0,,0,7,7,0,2,0,0,4,22,17.2,+8
32,32,2021-02-24,26-308,MIA,,TOR,W (+8),1,39:16:00,6,11,0.545,4,9,0.444,1,1,1,0,2,2,2,1,0,1,2,17,12.9,+11
33,33,2021-02-26,26-310,MIA,,UTA,W (+8),1,34:42:00,5,9,0.556,4,7,0.571,1,1,1,0,6,6,1,0,0,2,5,15,9.2,+5
34,34,2021-02-28,26-312,MIA,,ATL,W (+10),1,35:13:00,2,9,0.222,1,8,0.125,0,0,,0,3,3,3,1,0,1,3,5,1.3,+2
35,35,2021-03-02,26-314,MIA,,ATL,L (-14),1,30:47:00,5,11,0.455,4,9,0.444,0,0,,0,1,1,1,0,1,1,2,14,8.2,-8
36,36,2021-03-04,26-316,MIA,@,NOP,W (+10),1,28:27:00,2,4,0.5,1,3,0.333,0,0,,0,5,5,4,0,0,0,2,5,6.5,-1
37,37,2021-03-11,26-323,MIA,,ORL,W (+8),1,22:28,3,12,0.25,3,12,0.25,0,0,,1,1,2,1,0,0,0,2,9,2.7,-11
38,38,2021-03-12,26-324,MIA,@,CHI,W (+11),1,29:40:00,5,9,0.556,5,8,0.625,0,0,,0,5,5,2,3,0,0,1,15,16.2,+6
39,39,2021-03-14,26-326,MIA,@,ORL,W (+5),1,35:15:00,5,14,0.357,4,12,0.333,0,0,,1,4,5,3,1,0,0,2,14,10.4,-3
40,40,2021-03-16,26-328,MIA,,CLE,W (+15),1,26:37:00,5,9,0.556,4,8,0.5,0,0,,0,1,1,1,2,0,0,1,14,12.3,-2
41,41,2021-03-17,26-329,MIA,@,MEM,L (-4),1,32:20:00,4,13,0.308,3,11,0.273,2,3,0.667,0,6,6,0,1,0,1,1,13,6.5,+3
42,42,2021-03-19,26-331,MIA,,IND,L (-27),1,30:39:00,2,9,0.222,2,8,0.25,0,0,,0,1,1,2,1,0,1,3,6,1,-18
43,43,2021-03-21,26-333,MIA,,IND,L (-3),1,39:37:00,5,14,0.357,3,11,0.273,0,0,,0,5,5,5,0,1,0,2,13,10.1,+15
44,44,2021-03-23,26-335,MIA,,PHO,L (-10),1,31:54:00,2,6,0.333,2,5,0.4,0,0,,0,1,1,1,0,1,2,3,6,1.1,-19
45,45,2021-03-25,26-337,MIA,,POR,L (-3),1,26:30:00,4,6,0.667,4,6,0.667,0,0,,0,5,5,2,0,0,0,6,12,9.9,-6
46,46,2021-03-26,26-338,MIA,@,CHO,L (-5),1,28:23:00,7,10,0.7,6,9,0.667,0,0,,0,1,1,4,0,0,1,4,20,16.3,+10
47,47,2021-03-29,26-341,MIA,@,NYK,W (+10),1,32:00:00,4,10,0.4,4,9,0.444,2,2,1,0,2,2,1,1,0,2,3,14,7.7,+26
48,48,2021-03-31,26-343,MIA,@,IND,W (+5),1,33:23:00,7,12,0.583,6,11,0.545,0,0,,0,8,8,4,0,0,3,3,20,15.4,+17
49,49,2021-04-01,26-344,MIA,,GSW,W (+7),1,36:55:00,8,15,0.533,4,11,0.364,1,1,1,0,4,4,3,0,1,0,2,21,16.9,+14
50,50,2021-04-03,26-346,MIA,,CLE,W (+14),1,29:00:00,6,9,0.667,6,9,0.667,0,0,,0,3,3,2,1,0,2,3,18,14.2,+18
51,51,2021-04-06,26-349,MIA,,MEM,L (-12),1,25:55:00,5,8,0.625,4,7,0.571,0,0,,0,4,4,0,0,1,1,2,14,10.5,0
52,52,2021-04-08,26-351,MIA,,LAL,W (+6),1,26:14:00,3,5,0.6,3,5,0.6,2,2,1,0,1,1,3,0,1,2,4,11,8.2,+3
53,53,2021-04-11,26-354,MIA,@,POR,W (+9),1,21:58,4,12,0.333,4,10,0.4,0,0,,0,1,1,1,1,0,0,2,12,6.4,+2
54,54,2021-04-13,26-356,MIA,@,PHO,L (-20),1,29:11:00,5,12,0.417,4,10,0.4,1,1,1,0,2,2,2,0,0,3,3,15,6.4,-1
55,55,2021-04-14,26-357,MIA,@,DEN,L (-17),1,24:10:00,3,6,0.5,3,6,0.5,0,0,,0,1,1,3,0,1,0,4,9,7.5,-5
56,56,2021-04-16,26-359,MIA,@,MIN,L (-8),1,32:46:00,4,9,0.444,3,8,0.375,0,0,,0,1,1,4,2,1,1,2,11,10.3,0
57,57,2021-04-18,26-361,MIA,,BRK,W (+2),1,34:17:00,4,9,0.444,3,8,0.375,0,0,,1,0,1,1,2,0,2,1,11,7.3,-5
58,58,2021-04-19,26-362,MIA,,HOU,W (+22),1,28:35:00,7,14,0.5,5,11,0.455,0,0,,0,5,5,4,1,0,0,3,19,16.1,+35
59,59,2021-04-21,26-364,MIA,@,SAS,W (+20),1,27:38:00,4,9,0.444,2,7,0.286,0,0,,0,2,2,1,0,0,0,1,10,6.2,+8
60,60,2021-04-23,27-001,MIA,@,ATL,L (-15),1,31:43:00,5,13,0.385,2,10,0.2,1,1,1,0,5,5,2,0,0,1,3,13,6.6,+5
61,61,2021-04-24,27-002,MIA,,CHI,W (+5),1,37:44:00,8,17,0.471,7,15,0.467,0,1,0,0,6,6,0,1,0,2,2,23,13.9,+16
62,62,2021-04-26,27-004,MIA,,CHI,L (-8),1,26:09:00,1,7,0.143,1,7,0.143,0,0,,0,0,0,0,0,0,0,1,3,-1.9,+4
63,63,2021-04-28,27-006,MIA,,SAS,W (+5),1,32:13:00,3,8,0.375,2,4,0.5,0,0,,0,5,5,2,0,0,0,5,8,4.5,-2
64,64,2021-05-01,27-009,MIA,@,CLE,W (+17),1,21:14,7,10,0.7,6,9,0.667,0,0,,0,0,0,1,0,0,0,2,20,15.7,-3
65,65,2021-05-02,27-010,MIA,@,CHO,W (+10),1,26:31:00,3,10,0.3,3,10,0.3,1,3,0.333,0,3,3,0,1,1,0,3,10,4.8,+12
66,66,2021-05-04,27-012,MIA,,DAL,L (-14),1,37:39:00,6,14,0.429,4,11,0.364,3,3,1,1,8,9,3,2,0,1,4,19,16.2,-12
67,67,2021-05-07,27-015,MIA,,MIN,W (+9),1,17:33,2,4,0.5,2,4,0.5,0,0,,0,2,2,3,0,0,2,4,6,3.1,-15
68,68,2021-05-09,27-017,MIA,@,BOS,W (+6),1,33:32:00,7,13,0.538,6,10,0.6,2,2,1,0,3,3,1,1,0,1,1,22,16.9,+4
69,69,2021-05-11,27-019,MIA,@,BOS,W (+8),1,33:29:00,6,10,0.6,5,9,0.556,5,6,0.833,0,2,2,3,0,1,2,2,22,17.6,+11
70,70,2021-05-13,27-021,MIA,,PHI,W (+12),1,26:05:00,1,7,0.143,1,7,0.143,0,0,,1,3,4,1,2,2,3,2,3,0.4,+7
71,71,2021-05-15,27-023,MIA,@,MIL,L (-14),1,30:47:00,6,15,0.4,5,12,0.417,0,0,,0,0,0,2,1,0,0,2,17,10.5,-4
72,72,2021-05-16,27-024,MIA,@,DET,W (+13),1,19:05,3,5,0.6,2,4,0.5,0,0,,0,2,2,1,2,1,0,2,8,8.9,+9
1,1,2021-10-21,27-182,MIA,,MIL,W (+42),1,23:30,3,10,0.3,2,8,0.25,0,1,0,0,6,6,2,1,0,0,2,8,5.2,+29
2,2,2021-10-23,27-184,MIA,@,IND,L (-11),1,36:57:00,5,10,0.5,4,9,0.444,0,0,,0,5,5,2,0,1,2,4,14,9,-9
3,3,2021-10-25,27-186,MIA,,ORL,W (+17),1,27:28:00,3,10,0.3,2,8,0.25,2,2,1,0,5,5,3,0,0,2,2,10,5,+2
4,4,2021-10-27,27-188,MIA,@,BRK,W (+13),1,31:36:00,2,7,0.286,2,7,0.286,0,0,,0,5,5,1,0,1,1,3,6,2.6,+13
5,5,2021-10-29,27-190,MIA,,CHO,W (+15),1,26:12:00,4,14,0.286,2,11,0.182,0,0,,1,2,3,1,1,0,0,2,10,4,-5
6,6,2021-10-30,27-191,MIA,@,MEM,W (+26),1,26:31:00,5,10,0.5,5,10,0.5,0,0,,1,4,5,0,0,0,1,2,15,10.1,+20
7,7,2021-11-02,27-194,MIA,@,DAL,W (+15),1,23:55,2,3,0.667,2,2,1,0,0,,0,1,1,0,1,0,2,6,6,1.6,+5
8,8,2021-11-04,27-196,MIA,,BOS,L (-17),1,35:55:00,5,17,0.294,5,17,0.294,1,1,1,0,4,4,0,0,0,0,3,16,6.1,-1
9,9,2021-11-06,27-198,MIA,,UTA,W (+3),1,22:37,1,5,0.2,1,5,0.2,0,0,,0,2,2,1,1,0,0,4,3,0.6,-6
10,10,2021-11-08,27-200,MIA,@,DEN,L (-17),1,27:28:00,4,8,0.5,4,8,0.5,1,1,1,0,2,2,1,0,1,2,4,13,7.4,-16
11,11,2021-11-10,27-202,MIA,@,LAL,L (-3),1,45:16:00,4,16,0.25,3,13,0.231,1,3,0.333,1,5,6,3,3,1,0,3,12,8.4,0
12,12,2021-11-11,27-203,MIA,@,LAC,L (-3),1,26:42:00,2,13,0.154,2,11,0.182,0,0,,3,6,9,3,1,2,0,5,6,4.1,+11
13,13,2021-11-13,27-205,MIA,@,UTA,W (+6),1,34:01:00,8,14,0.571,6,11,0.545,0,0,,0,4,4,4,1,0,1,5,22,17.4,+20
14,14,2021-11-15,27-207,MIA,@,OKC,W (+13),1,31:34:00,8,15,0.533,5,12,0.417,0,0,,0,3,3,1,1,0,2,1,21,13.9,+7
15,15,2021-11-17,27-209,MIA,,NOP,W (+15),1,25:38:00,2,7,0.286,2,6,0.333,0,0,,0,0,0,2,2,0,0,2,6,4.5,+6
16,16,2021-11-18,27-210,MIA,,WAS,W (+15),1,26:34:00,2,9,0.222,2,8,0.25,0,0,,0,3,3,0,2,0,0,2,6,2.6,+5
17,17,2021-11-20,27-212,MIA,@,WAS,L (-3),1,19:30,3,7,0.429,1,5,0.2,0,0,,2,3,5,1,1,0,1,4,7,4.7,+8
18,18,2021-11-23,27-215,MIA,@,DET,W (+8),1,23:09,4,8,0.5,3,6,0.5,0,0,,0,3,3,0,0,0,1,3,11,5.7,-15
19,19,2021-11-24,27-216,MIA,@,MIN,L (-12),1,38:15:00,6,16,0.375,5,15,0.333,0,0,,0,5,5,3,1,0,2,3,17,9.6,-26
20,20,2021-11-27,27-219,MIA,@,CHI,W (+3),1,24:39:00,6,14,0.429,4,11,0.364,0,0,,0,1,1,0,1,0,0,4,16,8.3,+6
21,21,2021-11-29,27-221,MIA,,DEN,L (-9),1,29:04:00,1,9,0.111,1,9,0.111,0,0,,0,2,2,3,0,0,0,3,3,-1.4,-14
22,22,2021-12-01,27-223,MIA,,CLE,L (-26),1,20:04,0,7,0,0,6,0,0,0,,0,0,0,0,1,0,0,2,0,-4.7,-17
23,23,2021-12-03,27-225,MIA,@,IND,W (+9),1,29:30:00,7,11,0.636,4,7,0.571,6,7,0.857,0,2,2,1,0,0,1,1,24,18.6,+10
24,24,2021-12-04,27-226,MIA,@,MIL,L (-22),1,25:56:00,4,10,0.4,3,7,0.429,0,0,,0,3,3,3,1,0,1,1,11,8.2,-23
25,25,2021-12-06,27-228,MIA,,MEM,L (-15),1,22:09,4,8,0.5,2,5,0.4,0,0,,0,3,3,0,1,0,2,0,10,5.9,-22
26,26,2021-12-08,27-230,MIA,,MIL,W (+9),1,20:45,2,6,0.333,2,5,0.4,0,0,,0,2,2,0,0,0,1,2,6,1.4,+1
27,27,2021-12-11,27-233,MIA,,CHI,W (+26),1,27:11:00,9,13,0.692,5,9,0.556,3,3,1,0,1,1,1,0,1,0,3,26,21,+16
28,28,2021-12-13,27-235,MIA,@,CLE,L (-11),1,32:22:00,2,9,0.222,1,7,0.143,1,3,0.333,0,5,5,3,1,0,1,2,6,2.5,-1
29,29,2021-12-15,27-237,MIA,@,PHI,W (+5),1,39:07:00,6,16,0.375,4,11,0.364,5,5,1,3,5,8,3,1,0,0,4,21,17.3,+9
30,30,2021-12-17,27-239,MIA,@,ORL,W (+10),1,25:25:00,2,5,0.4,2,3,0.667,0,0,,1,2,3,1,2,1,1,3,6,5.8,+5
31,31,2021-12-19,27-241,MIA,@,DET,L (-10),1,33:18:00,2,11,0.182,2,10,0.2,0,0,,0,3,3,4,0,0,1,1,6,1.4,-1
32,32,2021-12-21,27-243,MIA,,IND,W (+29),1,30:03:00,10,16,0.625,6,10,0.6,0,0,,0,1,1,1,0,0,1,3,26,17.6,+21
33,33,2021-12-23,27-245,MIA,,DET,W (+3),1,21:08,0,6,0,0,5,0,3,3,1,0,4,4,2,0,0,0,3,3,0.2,-13
34,34,2021-12-26,27-248,MIA,,ORL,W (+10),1,27:30:00,2,9,0.222,2,8,0.25,0,0,,2,1,3,3,0,0,0,1,6,3.9,+2
35,35,2021-12-28,27-250,MIA,,WAS,W (+7),1,35:24:00,9,17,0.529,8,16,0.5,0,0,,0,1,1,1,1,0,0,3,26,18.5,+8
36,,2021-12-31,27-253,MIA,@,HOU,W (+10),Inactive,Inactive,Inactive,Inactive,Inactive,Inactive,Inactive,Inactive,Inactive,Inactive,Inactive,Inactive,Inactive,Inactive,Inactive,Inactive,Inactive,Inactive,Inactive,Inactive,Inactive,Inactive
37,,2022-01-02,27-255,MIA,@,SAC,L (-2),Inactive,Inactive,Inactive,Inactive,Inactive,Inactive,Inactive,Inactive,Inactive,Inactive,Inactive,Inactive,Inactive,Inactive,Inactive,Inactive,Inactive,Inactive,Inactive,Inactive,Inactive,Inactive
38,,2022-01-03,27-256,MIA,@,GSW,L (-7),Inactive,Inactive,Inactive,Inactive,Inactive,Inactive,Inactive,Inactive,Inactive,Inactive,Inactive,Inactive,Inactive,Inactive,Inactive,Inactive,Inactive,Inactive,Inactive,Inactive,Inactive,Inactive
39,36,2022-01-05,27-258,MIA,@,POR,W (+6),0,16:54,4,7,0.571,4,6,0.667,0,0,,0,4,4,0,0,0,0,1,12,9.5,-1
40,37,2022-01-08,27-261,MIA,@,PHO,W (+23),0,28:43:00,9,17,0.529,8,16,0.5,1,1,1,1,3,4,1,0,0,0,2,27,20.2,+12
41,38,2022-01-12,27-265,MIA,@,ATL,W (+24),0,31:36:00,4,11,0.364,3,10,0.3,3,3,1,0,2,2,0,0,0,2,1,14,6.1,+18
42,39,2022-01-14,27-267,MIA,,ATL,W (+6),0,18:00,0,2,0,0,2,0,0,0,,0,2,2,2,0,0,1,2,0,-1.2,-12
43,40,2022-01-15,27-268,MIA,,PHI,L (-11),0,17:23,1,9,0.111,0,8,0,0,0,,0,1,1,1,0,0,0,0,2,-2.9,-2
44,41,2022-01-17,27-270,MIA,,TOR,W (+5),1,17:35,3,6,0.5,2,5,0.4,0,0,,1,2,3,1,3,0,1,4,8,7.4,+2
45,42,2022-01-19,27-272,MIA,,POR,W (+12),1,23:16,3,8,0.375,3,8,0.375,0,0,,0,1,1,1,1,1,1,2,9,5.5,-8
46,43,2022-01-21,27-274,MIA,@,ATL,L (-2),1,30:05:00,6,11,0.545,5,10,0.5,2,3,0.667,1,0,1,3,0,0,3,5,19,11.1,+11
47,44,2022-01-23,27-276,MIA,,LAL,W (+6),1,41:50:00,8,13,0.615,6,11,0.545,3,4,0.75,1,4,5,3,2,0,3,4,25,20.1,+1
48,45,2022-01-26,27-279,MIA,,NYK,W (+14),1,26:12:00,9,13,0.692,7,11,0.636,0,0,,0,2,2,1,0,1,0,5,25,19.5,+26
49,46,2022-01-28,27-281,MIA,,LAC,W (+7),1,25:50:00,6,9,0.667,4,7,0.571,0,0,,0,2,2,2,0,0,1,2,16,12.3,+16
50,47,2022-01-29,27-282,MIA,,TOR,L (-4),1,19:55,0,5,0,0,5,0,0,0,,0,1,1,0,0,0,1,0,0,-4.2,-17
51,48,2022-01-31,27-284,MIA,@,BOS,L (-30),1,26:49:00,2,8,0.25,2,8,0.25,0,0,,1,4,5,0,1,0,1,3,6,1.9,-27
52,49,2022-02-01,27-285,MIA,@,TOR,L (-4),1,14:33,1,6,0.167,1,5,0.2,2,2,1,0,0,0,2,0,0,0,3,5,1.4,0
53,50,2022-02-03,27-287,MIA,@,SAS,W (+17),1,34:21:00,5,10,0.5,4,8,0.5,3,3,1,0,3,3,3,1,0,1,3,17,13.8,+10
54,51,2022-02-05,27-289,MIA,@,CHO,W (+18),1,27:27:00,1,9,0.111,1,7,0.143,0,0,,0,3,3,4,0,1,1,3,3,-0.7,+7
55,52,2022-02-07,27-291,MIA,@,WAS,W (+21),1,28:37:00,4,10,0.4,4,9,0.444,0,0,,0,1,1,0,0,0,3,1,12,3.5,+2
56,53,2022-02-10,27-294,MIA,@,NOP,W (+15),1,24:14:00,4,12,0.333,2,10,0.2,0,0,,0,0,0,2,0,0,2,2,10,1.8,+5
57,54,2022-02-12,27-296,MIA,,BRK,W (+4),1,24:45:00,6,10,0.6,5,8,0.625,0,0,,0,4,4,3,2,0,1,3,17,15.5,+15
58,55,2022-02-15,27-299,MIA,,DAL,L (-8),1,20:21,2,6,0.333,1,5,0.2,0,0,,1,0,1,1,0,0,0,1,5,2.6,-2
59,56,2022-02-17,27-301,MIA,@,CHO,W (+4),1,44:08:00,6,13,0.462,6,13,0.462,3,3,1,0,4,4,5,0,0,1,5,21,16,+26
60,57,2022-02-25,27-309,MIA,@,NYK,W (+15),1,13:40,0,5,0,0,5,0,0,0,,0,3,3,1,0,0,0,4,0,-3.5,-10
61,58,2022-02-26,27-310,MIA,,SAS,W (+4),1,17:37,2,4,0.5,2,4,0.5,0,0,,0,0,0,0,0,0,0,4,6,2.4,-13
62,59,2022-02-28,27-312,MIA,,CHI,W (+13),1,21:50,3,8,0.375,3,8,0.375,0,0,,2,1,3,2,0,0,1,1,9,6.3,+17
63,60,2022-03-02,27-314,MIA,@,MIL,L (-1),1,21:42,5,7,0.714,5,7,0.714,0,0,,0,2,2,0,0,1,0,4,15,11.8,-7
64,61,2022-03-03,27-315,MIA,@,BRK,W (+6),1,31:19:00,0,3,0,0,3,0,0,0,,0,1,1,7,0,0,2,2,0,0.3,+3
65,62,2022-03-05,27-317,MIA,,PHI,W (+17),1,17:48,2,5,0.4,2,4,0.5,0,0,,0,1,1,2,0,0,2,2,6,2.2,-2
66,63,2022-03-07,27-319,MIA,,HOU,W (+17),1,27:24:00,5,9,0.556,3,7,0.429,0,0,,0,1,1,2,0,0,1,1,13,9,+4
67,64,2022-03-09,27-321,MIA,,PHO,L (-21),1,31:21:00,7,15,0.467,6,11,0.545,2,3,0.667,0,3,3,2,0,0,1,1,22,14.8,-18
68,65,2022-03-11,27-323,MIA,,CLE,W (+12),1,23:58,3,6,0.5,3,6,0.5,0,0,,0,1,1,1,0,0,0,3,9,5.8,+5
69,66,2022-03-12,27-324,MIA,,MIN,L (-9),1,16:30,1,6,0.167,1,6,0.167,0,0,,0,0,0,4,0,0,0,3,3,0.8,-21
70,67,2022-03-15,27-327,MIA,,DET,W (+7),1,20:41,2,10,0.2,2,9,0.222,6,6,1,1,2,3,1,1,0,0,3,12,7.6,+2
71,68,2022-03-18,27-330,MIA,,OKC,W (+12),1,19:37,7,10,0.7,5,8,0.625,0,0,,0,1,1,1,0,0,0,1,19,15.4,+13
72,69,2022-03-21,27-333,MIA,@,PHI,L (-7),1,26:15:00,2,6,0.333,2,6,0.333,0,0,,0,3,3,1,0,0,0,2,6,3.4,+5
73,70,2022-03-23,27-335,MIA,,GSW,L (-14),1,32:55:00,4,12,0.333,4,11,0.364,1,1,1,0,2,2,6,0,1,1,1,13,10.3,-2
74,71,2022-03-25,27-337,MIA,,NYK,L (-8),1,23:30,2,8,0.25,2,7,0.286,0,0,,0,0,0,1,1,0,1,3,6,0.7,0
75,72,2022-03-26,27-338,MIA,,BRK,L (-15),1,13:22,0,3,0,0,3,0,0,0,,0,1,1,0,0,0,0,2,0,-2.6,-5
76,73,2022-03-28,27-340,MIA,,SAC,W (+23),0,24:51:00,5,8,0.625,5,8,0.625,0,0,,0,2,2,1,1,0,0,4,15,12.1,+4
77,74,2022-03-30,27-342,MIA,@,BOS,W (+8),0,15:17,2,5,0.4,1,4,0.25,0,0,,0,0,0,0,0,1,1,2,5,1.2,-9
78,75,2022-04-02,27-345,MIA,@,CHI,W (+18),0,23:40,2,7,0.286,2,7,0.286,2,3,0.667,0,0,0,0,0,0,0,3,8,2.3,+16
79,76,2022-04-03,27-346,MIA,@,TOR,W (+5),0,12:48,0,2,0,0,2,0,0,0,,0,0,0,1,1,0,0,1,0,-0.1,-4
80,77,2022-04-05,27-348,MIA,,CHO,W (+29),0,27:14:00,7,11,0.636,7,11,0.636,0,0,,0,1,1,2,1,0,0,2,21,18,+30
81,78,2022-04-08,27-351,MIA,,ATL,W (+4),0,20:10,3,6,0.5,2,5,0.4,0,0,,0,1,1,1,1,0,1,3,8,4.8,-10
82,79,2022-04-10,27-353,MIA,@,ORL,L (-14),1,20:18,3,9,0.333,3,9,0.333,0,0,,1,6,7,4,1,0,0,1,9,9.8,-9
1,1,2022-10-19,28-180,MIA,,CHI,L (-8),0,10:54,2,4,0.5,1,3,0.333,0,0,,1,3,4,3,0,0,0,1,5,6.3,+8
2,2,2022-10-21,28-182,MIA,,BOS,L (-7),0,6:07,0,0,,0,0,,0,0,,1,0,1,1,0,0,0,0,0,1.4,-5
3,3,2022-10-22,28-183,MIA,,TOR,W (+3),0,14:38,3,5,0.6,2,3,0.667,0,0,,0,3,3,0,0,0,0,3,8,5.4,-2
4,4,2022-10-24,28-185,MIA,,TOR,L (-8),0,15:34,4,8,0.5,3,6,0.5,1,1,1,0,1,1,0,0,0,0,4,12,6.7,-6
5,5,2022-10-26,28-187,MIA,@,POR,W (+21),0,19:06,2,7,0.286,1,5,0.2,0,0,,0,3,3,3,0,0,1,2,5,2.1,+12
6,6,2022-10-27,28-188,MIA,@,GSW,L (-13),0,13:09,1,7,0.143,1,5,0.2,0,0,,0,1,1,1,0,0,0,1,3,-0.9,-4
7,7,2022-10-29,28-190,MIA,@,SAC,L (-6),0,4:38,0,2,0,0,0,,2,2,1,1,1,2,0,0,0,0,2,2,0.8,-8
8,8,2022-11-01,28-193,MIA,,GSW,W (+7),0,25:41:00,6,10,0.6,5,8,0.625,0,0,,0,2,2,3,0,0,2,3,17,11.9,+19
9,9,2022-11-02,28-194,MIA,,SAC,W (+3),0,24:52:00,1,6,0.167,1,5,0.2,1,1,1,0,6,6,1,0,0,0,1,4,2.3,-8
10,10,2022-11-04,28-196,MIA,@,IND,L (-2),0,16:40,0,7,0,0,6,0,0,0,,0,3,3,0,0,0,0,1,0,-4.4,-13
11,11,2022-11-07,28-199,MIA,,POR,L (-3),0,28:31:00,3,9,0.333,3,9,0.333,0,0,,0,4,4,3,0,0,1,2,9,5.4,+2
12,12,2022-11-10,28-202,MIA,,CHO,W (+5),0,22:34,5,10,0.5,2,6,0.333,2,3,0.667,0,0,0,1,0,0,0,3,14,8.1,0
13,13,2022-11-12,28-204,MIA,,CHO,W (+17),0,23:09,2,9,0.222,0,6,0,1,1,1,0,1,1,2,1,0,1,1,5,0.8,+5
14,14,2022-11-14,28-206,MIA,,PHO,W (+1),0,20:42,3,7,0.429,2,6,0.333,2,2,1,0,0,0,0,0,0,2,0,10,4.3,-7
15,15,2022-11-16,28-208,MIA,@,TOR,L (-8),0,14:32,0,2,0,0,1,0,0,0,,1,2,3,3,0,0,2,2,0,-0.8,-3
16,,2022-11-18,28-210,MIA,@,WAS,L (-1),Did Not Dress,Did Not Dress,Did Not Dress,Did Not Dress,Did Not Dress,Did Not Dress,Did Not Dress,Did Not Dress,Did Not Dress,Did Not Dress,Did Not Dress,Did Not Dress,Did Not Dress,Did Not Dress,Did Not Dress,Did Not Dress,Did Not Dress,Did Not Dress,Did Not Dress,Did Not Dress,Did Not Dress,Did Not Dress
17,16,2022-11-20,28-212,MIA,@,CLE,L (-26),0,20:55,3,6,0.5,1,3,0.333,0,0,,0,1,1,0,0,0,2,3,7,1.1,-22
18,,2022-11-21,28-213,MIA,@,MIN,L (-4),Did Not Dress,Did Not Dress,Did Not Dress,Did Not Dress,Did Not Dress,Did Not Dress,Did Not Dress,Did Not Dress,Did Not Dress,Did Not Dress,Did Not Dress,Did Not Dress,Did Not Dress,Did Not Dress,Did Not Dress,Did Not Dress,Did Not Dress,Did Not Dress,Did Not Dress,Did Not Dress,Did Not Dress,Did Not Dress
19,,2022-11-23,28-215,MIA,,WAS,W (+8),Inactive,Inactive,Inactive,Inactive,Inactive,Inactive,Inactive,Inactive,Inactive,Inactive,Inactive,Inactive,Inactive,Inactive,Inactive,Inactive,Inactive,Inactive,Inactive,Inactive,Inactive,Inactive
20,,2022-11-25,28-217,MIA,,WAS,W (+3),Inactive,Inactive,Inactive,Inactive,Inactive,Inactive,Inactive,Inactive,Inactive,Inactive,Inactive,Inactive,Inactive,Inactive,Inactive,Inactive,Inactive,Inactive,Inactive,Inactive,Inactive,Inactive
21,,2022-11-27,28-219,MIA,@,ATL,W (+8),Inactive,Inactive,Inactive,Inactive,Inactive,Inactive,Inactive,Inactive,Inactive,Inactive,Inactive,Inactive,Inactive,Inactive,Inactive,Inactive,Inactive,Inactive,Inactive,Inactive,Inactive,Inactive
22,17,2022-11-30,28-222,MIA,@,BOS,L (-13),0,11:42,1,1,1,1,1,1,0,0,,0,0,0,0,3,0,0,3,3,4.5,-9
23,,2022-12-02,28-224,MIA,@,BOS,W (+4),Did Not Play,Did Not Play,Did Not Play,Did Not Play,Did Not Play,Did Not Play,Did Not Play,Did Not Play,Did Not Play,Did Not Play,Did Not Play,Did Not Play,Did Not Play,Did Not Play,Did Not Play,Did Not Play,Did Not Play,Did Not Play,Did Not Play,Did Not Play,Did Not Play,Did Not Play
24,,2022-12-05,28-227,MIA,@,MEM,L (-8),Did Not Play,Did Not Play,Did Not Play,Did Not Play,Did Not Play,Did Not Play,Did Not Play,Did Not Play,Did Not Play,Did Not Play,Did Not Play,Did Not Play,Did Not Play,Did Not Play,Did Not Play,Did Not Play,Did Not Play,Did Not Play,Did Not Play,Did Not Play,Did Not Play,Did Not Play
25,18,2022-12-06,28-228,MIA,,DET,L (-20),0,15:18,1,4,0.25,1,3,0.333,2,2,1,1,1,2,1,0,0,1,2,5,2.5,-4
26,,2022-12-08,28-230,MIA,,LAC,W (+5),Did Not Play,Did Not Play,Did Not Play,Did Not Play,Did Not Play,Did Not Play,Did Not Play,Did Not Play,Did Not Play,Did Not Play,Did Not Play,Did Not Play,Did Not Play,Did Not Play,Did Not Play,Did Not Play,Did Not Play,Did Not Play,Did Not Play,Did Not Play,Did Not Play,Did Not Play
27,19,2022-12-10,28-232,MIA,,SAS,L (-4),0,8:27,0,2,0,0,2,0,3,3,1,0,1,1,0,0,0,0,1,3,1.5,-6
28,,2022-12-12,28-234,MIA,@,IND,W (+5),Did Not Play,Did Not Play,Did Not Play,Did Not Play,Did Not Play,Did Not Play,Did Not Play,Did Not Play,Did Not Play,Did Not Play,Did Not Play,Did Not Play,Did Not Play,Did Not Play,Did Not Play,Did Not Play,Did Not Play,Did Not Play,Did Not Play,Did Not Play,Did Not Play,Did Not Play
29,20,2022-12-14,28-236,MIA,@,OKC,W (+2),0,22:49,4,8,0.5,4,8,0.5,2,2,1,1,0,1,3,0,0,1,2,14,11,+14
30,21,2022-12-15,28-237,MIA,@,HOU,W (+3),0,23:37,3,12,0.25,2,11,0.182,0,0,,0,3,3,1,0,0,2,2,8,-0.4,+5
31,22,2022-12-17,28-239,MIA,@,SAS,W (+10),0,25:34:00,4,8,0.5,3,6,0.5,1,1,1,0,2,2,3,2,0,0,5,12,10.7,+3
32,23,2022-12-20,28-242,MIA,,CHI,L (-10),0,36:15:00,4,12,0.333,4,12,0.333,1,2,0.5,0,3,3,2,0,0,3,4,13,3.5,+7
33,,2022-12-23,28-245,MIA,,IND,L (-3),Did Not Play,Did Not Play,Did Not Play,Did Not Play,Did Not Play,Did Not Play,Did Not Play,Did Not Play,Did Not Play,Did Not Play,Did Not Play,Did Not Play,Did Not Play,Did Not Play,Did Not Play,Did Not Play,Did Not Play,Did Not Play,Did Not Play,Did Not Play,Did Not Play,Did Not Play
34,24,2022-12-26,28-248,MIA,,MIN,W (+3),0,14:03,3,5,0.6,3,5,0.6,0,0,,0,4,4,0,1,0,0,0,9,8.9,+9
35,25,2022-12-28,28-250,MIA,,LAL,W (+14),0,15:50,3,5,0.6,2,4,0.5,0,0,,0,1,1,0,0,0,0,2,8,5.2,-11
36,26,2022-12-30,28-252,MIA,@,DEN,L (-5),0,19:13,3,7,0.429,3,7,0.429,0,0,,0,0,0,1,1,0,0,2,9,6.2,-6
37,27,2022-12-31,28-253,MIA,@,UTA,W (+3),0,21:09,3,8,0.375,1,5,0.2,2,2,1,1,1,2,1,0,0,0,2,9,5.5,+12
38,28,2023-01-02,28-255,MIA,@,LAC,W (+10),0,5:06,0,3,0,0,3,0,0,0,,0,0,0,0,0,0,1,2,0,-3.9,-2
39,,2023-01-04,28-257,MIA,@,LAL,L (-3),Inactive,Inactive,Inactive,Inactive,Inactive,Inactive,Inactive,Inactive,Inactive,Inactive,Inactive,Inactive,Inactive,Inactive,Inactive,Inactive,Inactive,Inactive,Inactive,Inactive,Inactive,Inactive
40,,2023-01-06,28-259,MIA,@,PHO,W (+8),Inactive,Inactive,Inactive,Inactive,Inactive,Inactive,Inactive,Inactive,Inactive,Inactive,Inactive,Inactive,Inactive,Inactive,Inactive,Inactive,Inactive,Inactive,Inactive,Inactive,Inactive,Inactive
41,,2023-01-08,28-261,MIA,,BRK,L (-1),Inactive,Inactive,Inactive,Inactive,Inactive,Inactive,Inactive,Inactive,Inactive,Inactive,Inactive,Inactive,Inactive,Inactive,Inactive,Inactive,Inactive,Inactive,Inactive,Inactive,Inactive,Inactive
42,,2023-01-10,28-263,MIA,,OKC,W (+1),Inactive,Inactive,Inactive,Inactive,Inactive,Inactive,Inactive,Inactive,Inactive,Inactive,Inactive,Inactive,Inactive,Inactive,Inactive,Inactive,Inactive,Inactive,Inactive,Inactive,Inactive,Inactive
43,,2023-01-12,28-265,MIA,,MIL,W (+6),Inactive,Inactive,Inactive,Inactive,Inactive,Inactive,Inactive,Inactive,Inactive,Inactive,Inactive,Inactive,Inactive,Inactive,Inactive,Inactive,Inactive,Inactive,Inactive,Inactive,Inactive,Inactive
44,,2023-01-14,28-267,MIA,,MIL,W (+16),Inactive,Inactive,Inactive,Inactive,Inactive,Inactive,Inactive,Inactive,Inactive,Inactive,Inactive,Inactive,Inactive,Inactive,Inactive,Inactive,Inactive,Inactive,Inactive,Inactive,Inactive,Inactive
45,,2023-01-16,28-269,MIA,@,ATL,L (-8),Inactive,Inactive,Inactive,Inactive,Inactive,Inactive,Inactive,Inactive,Inactive,Inactive,Inactive,Inactive,Inactive,Inactive,Inactive,Inactive,Inactive,Inactive,Inactive,Inactive,Inactive,Inactive
46,,2023-01-18,28-271,MIA,@,NOP,W (+26),Inactive,Inactive,Inactive,Inactive,Inactive,Inactive,Inactive,Inactive,Inactive,Inactive,Inactive,Inactive,Inactive,Inactive,Inactive,Inactive,Inactive,Inactive,Inactive,Inactive,Inactive,Inactive
47,,2023-01-20,28-273,MIA,@,DAL,L (-25),Inactive,Inactive,Inactive,Inactive,Inactive,Inactive,Inactive,Inactive,Inactive,Inactive,Inactive,Inactive,Inactive,Inactive,Inactive,Inactive,Inactive,Inactive,Inactive,Inactive,Inactive,Inactive
48,,2023-01-22,28-275,MIA,,NOP,W (+4),Inactive,Inactive,Inactive,Inactive,Inactive,Inactive,Inactive,Inactive,Inactive,Inactive,Inactive,Inactive,Inactive,Inactive,Inactive,Inactive,Inactive,Inactive,Inactive,Inactive,Inactive,Inactive
49,,2023-01-24,28-277,MIA,,BOS,W (+3),Inactive,Inactive,Inactive,Inactive,Inactive,Inactive,Inactive,Inactive,Inactive,Inactive,Inactive,Inactive,Inactive,Inactive,Inactive,Inactive,Inactive,Inactive,Inactive,Inactive,Inactive,Inactive
50,,2023-01-27,28-280,MIA,,ORL,W (+5),Inactive,Inactive,Inactive,Inactive,Inactive,Inactive,Inactive,Inactive,Inactive,Inactive,Inactive,Inactive,Inactive,Inactive,Inactive,Inactive,Inactive,Inactive,Inactive,Inactive,Inactive,Inactive
51,,2023-01-29,28-282,MIA,@,CHO,L (-5),Inactive,Inactive,Inactive,Inactive,Inactive,Inactive,Inactive,Inactive,Inactive,Inactive,Inactive,Inactive,Inactive,Inactive,Inactive,Inactive,Inactive,Inactive,Inactive,Inactive,Inactive,Inactive
52,,2023-01-31,28-284,MIA,@,CLE,W (+3),Inactive,Inactive,Inactive,Inactive,Inactive,Inactive,Inactive,Inactive,Inactive,Inactive,Inactive,Inactive,Inactive,Inactive,Inactive,Inactive,Inactive,Inactive,Inactive,Inactive,Inactive,Inactive
53,,2023-02-02,28-286,MIA,@,NYK,L (-2),Inactive,Inactive,Inactive,Inactive,Inactive,Inactive,Inactive,Inactive,Inactive,Inactive,Inactive,Inactive,Inactive,Inactive,Inactive,Inactive,Inactive,Inactive,Inactive,Inactive,Inactive,Inactive
54,,2023-02-04,28-288,MIA,@,MIL,L (-8),Inactive,Inactive,Inactive,Inactive,Inactive,Inactive,Inactive,Inactive,Inactive,Inactive,Inactive,Inactive,Inactive,Inactive,Inactive,Inactive,Inactive,Inactive,Inactive,Inactive,Inactive,Inactive
55,,2023-02-08,28-292,MIA,,IND,W (+5),Inactive,Inactive,Inactive,Inactive,Inactive,Inactive,Inactive,Inactive,Inactive,Inactive,Inactive,Inactive,Inactive,Inactive,Inactive,Inactive,Inactive,Inactive,Inactive,Inactive,Inactive,Inactive
56,,2023-02-10,28-294,MIA,,HOU,W (+2),Inactive,Inactive,Inactive,Inactive,Inactive,Inactive,Inactive,Inactive,Inactive,Inactive,Inactive,Inactive,Inactive,Inactive,Inactive,Inactive,Inactive,Inactive,Inactive,Inactive,Inactive,Inactive
57,,2023-02-11,28-295,MIA,@,ORL,W (+4),Inactive,Inactive,Inactive,Inactive,Inactive,Inactive,Inactive,Inactive,Inactive,Inactive,Inactive,Inactive,Inactive,Inactive,Inactive,Inactive,Inactive,Inactive,Inactive,Inactive,Inactive,Inactive
58,,2023-02-13,28-297,MIA,,DEN,L (-4),Inactive,Inactive,Inactive,Inactive,Inactive,Inactive,Inactive,Inactive,Inactive,Inactive,Inactive,Inactive,Inactive,Inactive,Inactive,Inactive,Inactive,Inactive,Inactive,Inactive,Inactive,Inactive
59,29,2023-02-15,28-299,MIA,@,BRK,L (-11),0,23:21,2,7,0.286,2,7,0.286,0,0,,1,2,3,2,1,0,0,4,6,4,0
60,30,2023-02-24,28-308,MIA,@,MIL,L (-29),0,19:49,1,6,0.167,1,6,0.167,0,0,,0,2,2,1,3,0,2,1,3,1.1,-13
61,31,2023-02-25,28-309,MIA,@,CHO,L (-5),0,5:32,0,1,0,0,1,0,0,0,,0,0,0,1,0,0,0,1,0,-0.4,-17
62,,2023-02-27,28-311,MIA,@,PHI,W (+2),Did Not Play,Did Not Play,Did Not Play,Did Not Play,Did Not Play,Did Not Play,Did Not Play,Did Not Play,Did Not Play,Did Not Play,Did Not Play,Did Not Play,Did Not Play,Did Not Play,Did Not Play,Did Not Play,Did Not Play,Did Not Play,Did Not Play,Did Not Play,Did Not Play,Did Not Play
63,32,2023-03-01,28-313,MIA,,PHI,L (-23),0,5:32,1,1,1,1,1,1,0,0,,0,1,1,0,0,0,0,0,3,3,-7
64,,2023-03-03,28-315,MIA,,NYK,L (-2),Did Not Play,Did Not Play,Did Not Play,Did Not Play,Did Not Play,Did Not Play,Did Not Play,Did Not Play,Did Not Play,Did Not Play,Did Not Play,Did Not Play,Did Not Play,Did Not Play,Did Not Play,Did Not Play,Did Not Play,Did Not Play,Did Not Play,Did Not Play,Did Not Play,Did Not Play
65,,2023-03-04,28-316,MIA,,ATL,W (+8),Did Not Play,Did Not Play,Did Not Play,Did Not Play,Did Not Play,Did Not Play,Did Not Play,Did Not Play,Did Not Play,Did Not Play,Did Not Play,Did Not Play,Did Not Play,Did Not Play,Did Not Play,Did Not Play,Did Not Play,Did Not Play,Did Not Play,Did Not Play,Did Not Play,Did Not Play
66,33,2023-03-06,28-318,MIA,,ATL,W (+2),0,17:01,4,5,0.8,3,4,0.75,3,3,1,0,0,0,2,0,0,0,1,14,13.1,+5
67,,2023-03-08,28-320,MIA,,CLE,L (-4),Did Not Play,Did Not Play,Did Not Play,Did Not Play,Did Not Play,Did Not Play,Did Not Play,Did Not Play,Did Not Play,Did Not Play,Did Not Play,Did Not Play,Did Not Play,Did Not Play,Did Not Play,Did Not Play,Did Not Play,Did Not Play,Did Not Play,Did Not Play,Did Not Play,Did Not Play
68,,2023-03-10,28-322,MIA,,CLE,W (+4),Inactive,Inactive,Inactive,Inactive,Inactive,Inactive,Inactive,Inactive,Inactive,Inactive,Inactive,Inactive,Inactive,Inactive,Inactive,Inactive,Inactive,Inactive,Inactive,Inactive,Inactive,Inactive
69,,2023-03-11,28-323,MIA,@,ORL,L (-12),Inactive,Inactive,Inactive,Inactive,Inactive,Inactive,Inactive,Inactive,Inactive,Inactive,Inactive,Inactive,Inactive,Inactive,Inactive,Inactive,Inactive,Inactive,Inactive,Inactive,Inactive,Inactive
70,,2023-03-13,28-325,MIA,,UTA,W (+4),Did Not Play,Did Not Play,Did Not Play,Did Not Play,Did Not Play,Did Not Play,Did Not Play,Did Not Play,Did Not Play,Did Not Play,Did Not Play,Did Not Play,Did Not Play,Did Not Play,Did Not Play,Did Not Play,Did Not Play,Did Not Play,Did Not Play,Did Not Play,Did Not Play,Did Not Play
71,34,2023-03-15,28-327,MIA,,MEM,W (+19),0,3:19,1,3,0.333,0,1,0,0,0,,0,1,1,0,0,0,0,0,2,0.6,-5
72,35,2023-03-18,28-330,MIA,@,CHI,L (-14),0,1:43,0,2,0,0,2,0,0,0,,0,0,0,0,0,0,0,0,0,-1.4,+3
73,,2023-03-19,28-331,MIA,@,DET,W (+12),Did Not Play,Did Not Play,Did Not Play,Did Not Play,Did Not Play,Did Not Play,Did Not Play,Did Not Play,Did Not Play,Did Not Play,Did Not Play,Did Not Play,Did Not Play,Did Not Play,Did Not Play,Did Not Play,Did Not Play,Did Not Play,Did Not Play,Did Not Play,Did Not Play,Did Not Play
74,,2023-03-22,28-334,MIA,,NYK,W (+7),Did Not Play,Did Not Play,Did Not Play,Did Not Play,Did Not Play,Did Not Play,Did Not Play,Did Not Play,Did Not Play,Did Not Play,Did Not Play,Did Not Play,Did Not Play,Did Not Play,Did Not Play,Did Not Play,Did Not Play,Did Not Play,Did Not Play,Did Not Play,Did Not Play,Did Not Play
75,36,2023-03-25,28-337,MIA,,BRK,L (-29),0,3:30,0,1,0,0,1,0,0,0,,0,0,0,0,0,0,0,0,0,-0.7,-2
76,37,2023-03-28,28-340,MIA,@,TOR,L (-14),0,12:00,1,4,0.25,1,4,0.25,1,1,1,0,0,0,1,0,0,0,0,4,2.3,+3
77,38,2023-03-29,28-341,MIA,@,NYK,L (-9),0,27:53:00,4,7,0.571,4,6,0.667,0,0,,0,0,0,0,0,0,3,3,12,4.5,-11
78,39,2023-04-01,28-344,MIA,,DAL,W (+7),0,2:15,0,1,0,0,1,0,0,0,,0,1,1,0,0,0,0,1,0,-0.8,+9
79,,2023-04-04,28-347,MIA,@,DET,W (+13),Did Not Play,Did Not Play,Did Not Play,Did Not Play,Did Not Play,Did Not Play,Did Not Play,Did Not Play,Did Not Play,Did Not Play,Did Not Play,Did Not Play,Did Not Play,Did Not Play,Did Not Play,Did Not Play,Did Not Play,Did Not Play,Did Not Play,Did Not Play,Did Not Play,Did Not Play
80,40,2023-04-06,28-349,MIA,@,PHI,W (+28),0,5:14,2,3,0.667,1,2,0.5,0,0,,0,0,0,1,0,0,0,0,5,4.4,-1
81,41,2023-04-07,28-350,MIA,@,WAS,L (-6),1,27:36:00,2,8,0.25,1,6,0.167,0,0,,0,5,5,1,1,0,3,6,5,-2,-12
82,42,2023-04-09,28-352,MIA,,ORL,W (+13),0,35:13:00,6,14,0.429,3,11,0.273,5,6,0.833,0,2,2,4,1,0,1,4,20,14,+9